session	fixture	phase	sample	app_pid	webkit_pids	pid_count	phys_footprint_bytes	rss_bytes	status	note
1	full	library	1	80615	80654,80658,80661	4	412209152	243974144	ok	app + WebKit mới sinh
1	full	library	2	80615	80654,80658,80661	4	412016640	243773440	ok	app + WebKit mới sinh
1	full	library	3	80615	80654,80658,80661	4	410734592	243458048	ok	app + WebKit mới sinh
1	full	library	4	80615	80654,80658,80661	4	410693632	243412992	ok	app + WebKit mới sinh
1	full	library	5	80615	80654,80658,80661	4	408911872	243314688	ok	app + WebKit mới sinh
1	full	library	6	80615	80654,80658,80661	4	408887296	243257344	ok	app + WebKit mới sinh
1	full	library	7	80615	80654,80658,80661	4	408416256	243257344	ok	app + WebKit mới sinh
1	full	library	8	80615	80654,80658,80661	4	408408064	243408896	ok	app + WebKit mới sinh
1	full	library	9	80615	80654,80658,80661	4	416976896	244756480	ok	app + WebKit mới sinh
1	full	library	10	80615	80654,80658,80661	4	434012160	244756480	ok	app + WebKit mới sinh
1	full	reading	1	80615	80654,80658,80661	4	894570496	1030762496	ok	app + WebKit mới sinh
1	full	reading	2	80615	80654,80658,80661	4	877469696	1030762496	ok	app + WebKit mới sinh
1	full	reading	3	80615	80654,80658,80661	4	877424640	1030762496	ok	app + WebKit mới sinh
1	full	reading	4	80615	80654,80658,80661	4	877424640	1030762496	ok	app + WebKit mới sinh
1	full	reading	5	80615	80654,80658,80661	4	877395968	1030733824	ok	app + WebKit mới sinh
1	full	reading	6	80615	80654,80658,80661	4	877395968	1030733824	ok	app + WebKit mới sinh
1	full	reading	7	80615	80654,80658,80661	4	877350912	1030688768	ok	app + WebKit mới sinh
1	full	reading	8	80615	80654,80658,80661	4	877350912	1030688768	ok	app + WebKit mới sinh
1	full	reading	9	80615	80654,80658,80661	4	877350912	1030688768	ok	app + WebKit mới sinh
1	full	reading	10	80615	80654,80658,80661	4	877350912	1030688768	ok	app + WebKit mới sinh
1	full	back_library_keepalive	1	80615	80654,80658,80661	4	786309120	1108484096	ok	app + WebKit mới sinh
1	full	back_library_keepalive	2	80615	80654,80658,80661	4	797896704	1108480000	ok	app + WebKit mới sinh
1	full	back_library_keepalive	3	80615	80654,80658,80661	4	757641216	1108480000	ok	app + WebKit mới sinh
1	full	back_library_keepalive	4	80615	80654,80658,80661	4	757641216	1108480000	ok	app + WebKit mới sinh
1	full	back_library_keepalive	5	80615	80654,80658,80661	4	757579776	1108434944	ok	app + WebKit mới sinh
1	full	back_library_keepalive	6	80615	80654,80658,80661	4	757526528	1108422656	ok	app + WebKit mới sinh
1	full	back_library_keepalive	7	80615	80654,80658,80661	4	757444608	1108340736	ok	app + WebKit mới sinh
1	full	back_library_keepalive	8	80615	80654,80658,80661	4	753250304	1108340736	ok	app + WebKit mới sinh
1	full	back_library_keepalive	9	80615	80654,80658,80661	4	713084928	1108238336	ok	app + WebKit mới sinh
1	full	back_library_keepalive	10	80615	80654,80658,80661	4	703500288	1108238336	ok	app + WebKit mới sinh
1	frontier	library	1	84700	84729,84731,84735	4	285667328	246898688	ok	app + WebKit mới sinh
1	frontier	library	2	84700	84729,84731,84735	4	299892736	246898688	ok	app + WebKit mới sinh
1	frontier	library	3	84700	84729,84731,84735	4	291573760	250667008	ok	app + WebKit mới sinh
1	frontier	library	4	84700	84729,84731,84735	4	291500032	250667008	ok	app + WebKit mới sinh
1	frontier	library	5	84700	84729,84731,84735	4	291147776	250302464	ok	app + WebKit mới sinh
1	frontier	library	6	84700	84729,84731,84735	4	290897920	250314752	ok	app + WebKit mới sinh
1	frontier	library	7	84700	84729,84731,84735	4	290861056	250277888	ok	app + WebKit mới sinh
1	frontier	library	8	84700	84729,84731,84735	4	290734080	250167296	ok	app + WebKit mới sinh
1	frontier	library	9	84700	84729,84731,84735	4	290734080	250167296	ok	app + WebKit mới sinh
1	frontier	library	10	84700	84729,84731,84735	4	290693120	250126336	ok	app + WebKit mới sinh
1	frontier	reading	1	84700	84729,84731,84735	4	293068800	256512000	ok	app + WebKit mới sinh
1	frontier	reading	2	84700	84729,84731,84735	4	309866496	256450560	ok	app + WebKit mới sinh
1	frontier	reading	3	84700	84729,84731,84735	4	309866496	256450560	ok	app + WebKit mới sinh
1	frontier	reading	4	84700	84729,84731,84735	4	309866496	256450560	ok	app + WebKit mới sinh
1	frontier	reading	5	84700	84729,84731,84735	4	309866496	256438272	ok	app + WebKit mới sinh
1	frontier	reading	6	84700	84729,84731,84735	4	309817344	256397312	ok	app + WebKit mới sinh
1	frontier	reading	7	84700	84729,84731,84735	4	309792768	256372736	ok	app + WebKit mới sinh
1	frontier	reading	8	84700	84729,84731,84735	4	309792768	256372736	ok	app + WebKit mới sinh
1	frontier	reading	9	84700	84729,84731,84735	4	288624640	256372736	ok	app + WebKit mới sinh
1	frontier	reading	10	84700	84729,84731,84735	4	192335872	256372736	ok	app + WebKit mới sinh
1	frontier	back_library_keepalive	1	84700	84729,84731,84735	4	291430400	259743744	ok	app + WebKit mới sinh
1	frontier	back_library_keepalive	2	84700	84729,84731,84735	4	291069952	259747840	ok	app + WebKit mới sinh
1	frontier	back_library_keepalive	3	84700	84729,84731,84735	4	291069952	259747840	ok	app + WebKit mới sinh
1	frontier	back_library_keepalive	4	84700	84729,84731,84735	4	291069952	259747840	ok	app + WebKit mới sinh
1	frontier	back_library_keepalive	5	84700	84729,84731,84735	4	291020800	259686400	ok	app + WebKit mới sinh
1	frontier	back_library_keepalive	6	84700	84729,84731,84735	4	290983936	259649536	ok	app + WebKit mới sinh
1	frontier	back_library_keepalive	7	84700	84729,84731,84735	4	290983936	259649536	ok	app + WebKit mới sinh
1	frontier	back_library_keepalive	8	84700	84729,84731,84735	4	290983936	259649536	ok	app + WebKit mới sinh
1	frontier	back_library_keepalive	9	84700	84729,84731,84735	4	288165888	259649536	ok	app + WebKit mới sinh
1	frontier	back_library_keepalive	10	84700	84729,84731,84735	4	288165888	259649536	ok	app + WebKit mới sinh
2	full	library	1	86710	86728,86734,86735	4	297144320	246145024	ok	app + WebKit mới sinh
2	full	library	2	86710	86728,86734,86735	4	297066496	247144448	ok	app + WebKit mới sinh
2	full	library	3	86710	86728,86734,86735	4	288956416	249954304	ok	app + WebKit mới sinh
2	full	library	4	86710	86728,86734,86735	4	288878592	249937920	ok	app + WebKit mới sinh
2	full	library	5	86710	86728,86734,86735	4	288256000	249528320	ok	app + WebKit mới sinh
2	full	library	6	86710	86728,86734,86735	4	288256000	249528320	ok	app + WebKit mới sinh
2	full	library	7	86710	86728,86734,86735	4	288206848	249479168	ok	app + WebKit mới sinh
2	full	library	8	86710	86728,86734,86735	4	288100352	249389056	ok	app + WebKit mới sinh
2	full	library	9	86710	86728,86734,86735	4	288047104	249335808	ok	app + WebKit mới sinh
2	full	library	10	86710	86728,86734,86735	4	288051200	249339904	ok	app + WebKit mới sinh
2	full	reading	1	86710	86728,86734,86735	4	851656704	1036324864	ok	app + WebKit mới sinh
2	full	reading	2	86710	86728,86734,86735	4	848338944	1036324864	ok	app + WebKit mới sinh
2	full	reading	3	86710	86728,86734,86735	4	844857344	1036292096	ok	app + WebKit mới sinh
2	full	reading	4	86710	86728,86734,86735	4	844857344	1036292096	ok	app + WebKit mới sinh
2	full	reading	5	86710	86728,86734,86735	4	844857344	1036292096	ok	app + WebKit mới sinh
2	full	reading	6	86710	86728,86734,86735	4	844857344	1036292096	ok	app + WebKit mới sinh
2	full	reading	7	86710	86728,86734,86735	4	844857344	1036292096	ok	app + WebKit mới sinh
2	full	reading	8	86710	86728,86734,86735	4	844857344	1036292096	ok	app + WebKit mới sinh
2	full	reading	9	86710	86728,86734,86735	4	844857344	1036292096	ok	app + WebKit mới sinh
2	full	reading	10	86710	86728,86734,86735	4	844857344	1036292096	ok	app + WebKit mới sinh
2	full	back_library_keepalive	1	86710	86728,86734,86735	4	791842816	1112887296	ok	app + WebKit mới sinh
2	full	back_library_keepalive	2	86710	86728,86734,86735	4	762884096	1112879104	ok	app + WebKit mới sinh
2	full	back_library_keepalive	3	86710	86728,86734,86735	4	762228736	1112879104	ok	app + WebKit mới sinh
2	full	back_library_keepalive	4	86710	86728,86734,86735	4	762249216	1112899584	ok	app + WebKit mới sinh
2	full	back_library_keepalive	5	86710	86728,86734,86735	4	762216448	1112829952	ok	app + WebKit mới sinh
2	full	back_library_keepalive	6	86710	86728,86734,86735	4	761917440	1112731648	ok	app + WebKit mới sinh
2	full	back_library_keepalive	7	86710	86728,86734,86735	4	763129856	1103720448	ok	app + WebKit mới sinh
2	full	back_library_keepalive	8	86710	86728,86734,86735	4	763129856	1103699968	ok	app + WebKit mới sinh
2	full	back_library_keepalive	9	86710	86728,86734,86735	4	763109376	1083604992	ok	app + WebKit mới sinh
2	full	back_library_keepalive	10	86710	86728,86734,86735	4	763109376	1083604992	ok	app + WebKit mới sinh
2	frontier	library	1	90043	90069,90073,90074	4	305475584	246636544	ok	app + WebKit mới sinh
2	frontier	library	2	90043	90069,90073,90074	4	296136704	247791616	ok	app + WebKit mới sinh
2	frontier	library	3	90043	90069,90073,90074	4	296579072	250597376	ok	app + WebKit mới sinh
2	frontier	library	4	90043	90069,90073,90074	4	296411136	250404864	ok	app + WebKit mới sinh
2	frontier	library	5	90043	90069,90073,90074	4	295927808	250216448	ok	app + WebKit mới sinh
2	frontier	library	6	90043	90069,90073,90074	4	295907328	250216448	ok	app + WebKit mới sinh
2	frontier	library	7	90043	90069,90073,90074	4	295907328	250216448	ok	app + WebKit mới sinh
2	frontier	library	8	90043	90069,90073,90074	4	295854080	250179584	ok	app + WebKit mới sinh
2	frontier	library	9	90043	90069,90073,90074	4	295784448	250109952	ok	app + WebKit mới sinh
2	frontier	library	10	90043	90069,90073,90074	4	295784448	250109952	ok	app + WebKit mới sinh
2	frontier	reading	1	90043	90069,90073,90074	4	337207296	252772352	ok	app + WebKit mới sinh
2	frontier	reading	2	90043	90069,90073,90074	4	393441280	252706816	ok	app + WebKit mới sinh
2	frontier	reading	3	90043	90069,90073,90074	4	393441280	252706816	ok	app + WebKit mới sinh
2	frontier	reading	4	90043	90069,90073,90074	4	393437184	252706816	ok	app + WebKit mới sinh
2	frontier	reading	5	90043	90069,90073,90074	4	393400320	252657664	ok	app + WebKit mới sinh
2	frontier	reading	6	90043	90069,90073,90074	4	393355264	252624896	ok	app + WebKit mới sinh
2	frontier	reading	7	90043	90069,90073,90074	4	393244672	252514304	ok	app + WebKit mới sinh
2	frontier	reading	8	90043	90069,90073,90074	4	375812096	252514304	ok	app + WebKit mới sinh
2	frontier	reading	9	90043	90069,90073,90074	4	279719936	252514304	ok	app + WebKit mới sinh
2	frontier	reading	10	90043	90069,90073,90074	4	279719936	252514304	ok	app + WebKit mới sinh
2	frontier	back_library_keepalive	1	90043	90069,90073,90074	4	339103744	255647744	ok	app + WebKit mới sinh
2	frontier	back_library_keepalive	2	90043	90069,90073,90074	4	377995264	255655936	ok	app + WebKit mới sinh
2	frontier	back_library_keepalive	3	90043	90069,90073,90074	4	377798656	255655936	ok	app + WebKit mới sinh
2	frontier	back_library_keepalive	4	90043	90069,90073,90074	4	377798656	255655936	ok	app + WebKit mới sinh
2	frontier	back_library_keepalive	5	90043	90069,90073,90074	4	377798656	255639552	ok	app + WebKit mới sinh
2	frontier	back_library_keepalive	6	90043	90069,90073,90074	4	377688064	255541248	ok	app + WebKit mới sinh
2	frontier	back_library_keepalive	7	90043	90069,90073,90074	4	377696256	255549440	ok	app + WebKit mới sinh
2	frontier	back_library_keepalive	8	90043	90069,90073,90074	4	370749440	255549440	ok	app + WebKit mới sinh
2	frontier	back_library_keepalive	9	90043	90069,90073,90074	4	274657280	255549440	ok	app + WebKit mới sinh
2	frontier	back_library_keepalive	10	90043	90069,90073,90074	4	274649088	255541248	ok	app + WebKit mới sinh
3	full	library	1	92131	92150,92156,92157	4	287309824	241561600	ok	app + WebKit mới sinh
3	full	library	2	92131	92150,92156,92157	4	287199232	242520064	ok	app + WebKit mới sinh
3	full	library	3	92131	92150,92156,92157	4	279400448	245325824	ok	app + WebKit mới sinh
3	full	library	4	92131	92150,92156,92157	4	279003136	244989952	ok	app + WebKit mới sinh
3	full	library	5	92131	92150,92156,92157	4	278667264	244899840	ok	app + WebKit mới sinh
3	full	library	6	92131	92150,92156,92157	4	278667264	244899840	ok	app + WebKit mới sinh
3	full	library	7	92131	92150,92156,92157	4	278667264	244858880	ok	app + WebKit mới sinh
3	full	library	8	92131	92150,92156,92157	4	278601728	244850688	ok	app + WebKit mới sinh
3	full	library	9	92131	92150,92156,92157	4	278601728	244850688	ok	app + WebKit mới sinh
3	full	library	10	92131	92150,92156,92157	4	278601728	244850688	ok	app + WebKit mới sinh
3	full	reading	1	92131	92150,92156,92157	4	655532032	682180608	ok	app + WebKit mới sinh
3	full	reading	2	92131	92150,92156,92157	4	690827264	717688832	ok	app + WebKit mới sinh
3	full	reading	3	92131	92150,92156,92157	4	722317312	752066560	ok	app + WebKit mới sinh
3	full	reading	4	92131	92150,92156,92157	4	748691456	787054592	ok	app + WebKit mới sinh
3	full	reading	5	92131	92150,92156,92157	4	796053504	858996736	ok	app + WebKit mới sinh
3	full	reading	6	92131	92150,92156,92157	4	857358336	906547200	ok	app + WebKit mới sinh
3	full	reading	7	92131	92150,92156,92157	4	736108544	834478080	ok	app + WebKit mới sinh
3	full	reading	8	92131	92150,92156,92157	4	748429312	835932160	ok	app + WebKit mới sinh
3	full	reading	9	92131	92150,92156,92157	4	767082496	831508480	ok	app + WebKit mới sinh
3	full	reading	10	92131	92150,92156,92157	4	773439488	830939136	ok	app + WebKit mới sinh
3	full	back_library_keepalive	1	92131	92150,92156,92157	4	724357120	1028825088	ok	app + WebKit mới sinh
3	full	back_library_keepalive	2	92131	92150,92156,92157	4	762458112	1028825088	ok	app + WebKit mới sinh
3	full	back_library_keepalive	3	92131	92150,92156,92157	4	762462208	1004494848	ok	app + WebKit mới sinh
3	full	back_library_keepalive	4	92131	92150,92156,92157	4	762462208	1004179456	ok	app + WebKit mới sinh
3	full	back_library_keepalive	5	92131	92150,92156,92157	4	745414656	1002389504	ok	app + WebKit mới sinh
3	full	back_library_keepalive	6	92131	92150,92156,92157	4	745443328	1001635840	ok	app + WebKit mới sinh
3	full	back_library_keepalive	7	92131	92150,92156,92157	4	745443328	1001635840	ok	app + WebKit mới sinh
3	full	back_library_keepalive	8	92131	92150,92156,92157	4	745443328	1001635840	ok	app + WebKit mới sinh
3	full	back_library_keepalive	9	92131	92150,92156,92157	4	745443328	1001635840	ok	app + WebKit mới sinh
3	full	back_library_keepalive	10	92131	92150,92156,92157	4	745435136	1001627648	ok	app + WebKit mới sinh
3	frontier	library	1	95464	95495,95498,95501	4	294637568	242823168	ok	app + WebKit mới sinh
3	frontier	library	2	95464	95495,95498,95501	4	293842944	242823168	ok	app + WebKit mới sinh
3	frontier	library	3	95464	95495,95498,95501	4	288526336	246456320	ok	app + WebKit mới sinh
3	frontier	library	4	95464	95495,95498,95501	4	285655040	246292480	ok	app + WebKit mới sinh
3	frontier	library	5	95464	95495,95498,95501	4	285298688	246091776	ok	app + WebKit mới sinh
3	frontier	library	6	95464	95495,95498,95501	4	285093888	246091776	ok	app + WebKit mới sinh
3	frontier	library	7	95464	95495,95498,95501	4	285093888	246091776	ok	app + WebKit mới sinh
3	frontier	library	8	95464	95495,95498,95501	4	284983296	245981184	ok	app + WebKit mới sinh
3	frontier	library	9	95464	95495,95498,95501	4	284930048	245927936	ok	app + WebKit mới sinh
3	frontier	library	10	95464	95495,95498,95501	4	284930048	245927936	ok	app + WebKit mới sinh
3	frontier	reading	1	95464	95495,95498,95501	4	326938624	249536512	ok	app + WebKit mới sinh
3	frontier	reading	2	95464	95495,95498,95501	4	383369216	249536512	ok	app + WebKit mới sinh
3	frontier	reading	3	95464	95495,95498,95501	4	383373312	249544704	ok	app + WebKit mới sinh
3	frontier	reading	4	95464	95495,95498,95501	4	383369216	249544704	ok	app + WebKit mới sinh
3	frontier	reading	5	95464	95495,95498,95501	4	383328256	249479168	ok	app + WebKit mới sinh
3	frontier	reading	6	95464	95495,95498,95501	4	383291392	249442304	ok	app + WebKit mới sinh
3	frontier	reading	7	95464	95495,95498,95501	4	383291392	249442304	ok	app + WebKit mới sinh
3	frontier	reading	8	95464	95495,95498,95501	4	361205760	249442304	ok	app + WebKit mới sinh
3	frontier	reading	9	95464	95495,95498,95501	4	304762880	249442304	ok	app + WebKit mới sinh
3	frontier	reading	10	95464	95495,95498,95501	4	304762880	249442304	ok	app + WebKit mới sinh
3	frontier	back_library_keepalive	1	95464	95495,95498,95501	4	364363776	252829696	ok	app + WebKit mới sinh
3	frontier	back_library_keepalive	2	95464	95495,95498,95501	4	403005440	252854272	ok	app + WebKit mới sinh
3	frontier	back_library_keepalive	3	95464	95495,95498,95501	4	403013632	252854272	ok	app + WebKit mới sinh
3	frontier	back_library_keepalive	4	95464	95495,95498,95501	4	403013632	252854272	ok	app + WebKit mới sinh
3	frontier	back_library_keepalive	5	95464	95495,95498,95501	4	402960384	252801024	ok	app + WebKit mới sinh
3	frontier	back_library_keepalive	6	95464	95495,95498,95501	4	402857984	252698624	ok	app + WebKit mới sinh
3	frontier	back_library_keepalive	7	95464	95495,95498,95501	4	402857984	252698624	ok	app + WebKit mới sinh
3	frontier	back_library_keepalive	8	95464	95495,95498,95501	4	363077632	252698624	ok	app + WebKit mới sinh
3	frontier	back_library_keepalive	9	95464	95495,95498,95501	4	323428352	252698624	ok	app + WebKit mới sinh
3	frontier	back_library_keepalive	10	95464	95495,95498,95501	4	266985472	252698624	ok	app + WebKit mới sinh
